{"cameraMode":{"drawMode":0,"name":"Shaded","section":"Shading Mode"},"sceneLighting":false,"audioPlay":false,"sceneViewState":{"showFog":true,"showMaterialUpdate":false,"showSkybox":false,"showFlares":true,"showImageEffects":true,"showParticleSystems":true},"in2DMode":false,"pivot":{"x":-10.9406156539917,"y":-30.468036651611329,"z":20.663089752197267},"rotation":{"x":-0.35045507550239565,"y":0.22357556223869325,"z":-0.08655755966901779,"w":-0.9054164886474609},"size":50.945594787597659,"orthographic":false}