{"cameraMode":{"drawMode":0,"name":"Shaded","section":"Shading Mode"},"sceneLighting":false,"audioPlay":false,"sceneViewState":{"showFog":true,"showMaterialUpdate":false,"showSkybox":false,"showFlares":true,"showImageEffects":true,"showParticleSystems":true},"in2DMode":false,"pivot":{"x":-11.517108917236329,"y":-34.20457458496094,"z":28.399736404418947},"rotation":{"x":-0.3980462849140167,"y":0.22545233368873597,"z":-0.10179084539413452,"w":-0.8835896253585815},"size":53.640541076660159,"orthographic":false}