{"cameraMode":{"drawMode":0,"name":"Shaded","section":"Shading Mode"},"sceneLighting":false,"audioPlay":false,"sceneViewState":{"showFog":true,"showMaterialUpdate":false,"showSkybox":false,"showFlares":true,"showImageEffects":true,"showParticleSystems":true},"in2DMode":false,"pivot":{"x":2.197659730911255,"y":-37.34193801879883,"z":44.554256439208987},"rotation":{"x":-0.468965083360672,"y":-0.06146026402711868,"z":0.03253467381000519,"w":-0.8806570172309876},"size":53.640541076660159,"orthographic":false}