{"cameraMode":{"drawMode":0,"name":"Shaded","section":"Shading Mode"},"sceneLighting":false,"audioPlay":false,"sceneViewState":{"showFog":true,"showMaterialUpdate":false,"showSkybox":false,"showFlares":true,"showImageEffects":true,"showParticleSystems":true},"in2DMode":false,"pivot":{"x":-0.013999998569488526,"y":-2.0387749671936037,"z":-6.260869979858398},"rotation":{"x":0.21153812110424043,"y":0.040747348219156268,"z":-0.008748126216232777,"w":0.9765960574150086},"size":4.2810187339782719,"orthographic":false}