{"cameraMode":{"drawMode":0,"name":"Shaded","section":"Shading Mode"},"sceneLighting":false,"audioPlay":false,"sceneViewState":{"showFog":true,"showMaterialUpdate":false,"showSkybox":false,"showFlares":true,"showImageEffects":true,"showParticleSystems":true},"in2DMode":false,"pivot":{"x":2.674354076385498,"y":-0.752996027469635,"z":-2.96683669090271},"rotation":{"x":0.12206818163394928,"y":0.8673050403594971,"z":-0.26000937819480898,"w":0.4068116545677185},"size":7.168981552124023,"orthographic":false}