{"cameraMode":{"drawMode":0,"name":"Shaded","section":"Shading Mode"},"sceneLighting":false,"audioPlay":false,"sceneViewState":{"showFog":true,"showMaterialUpdate":false,"showSkybox":false,"showFlares":true,"showImageEffects":true,"showParticleSystems":true},"in2DMode":false,"pivot":{"x":2.6633310317993166,"y":4.1704792976379398,"z":7.7830939292907719},"rotation":{"x":-0.3606144189834595,"y":0.2158900946378708,"z":-0.08623640239238739,"w":-0.903397798538208},"size":1.1431536674499512,"orthographic":false}