{"cameraMode":{"drawMode":0,"name":"Shaded","section":"Shading Mode"},"sceneLighting":false,"audioPlay":false,"sceneViewState":{"showFog":true,"showMaterialUpdate":false,"showSkybox":false,"showFlares":true,"showImageEffects":true,"showParticleSystems":true},"in2DMode":false,"pivot":{"x":1.297262191772461,"y":2.260469436645508,"z":21.7556209564209},"rotation":{"x":-0.033567413687705997,"y":0.9418216943740845,"z":-0.31977128982543948,"w":-0.09898199141025543},"size":1.1431536674499512,"orthographic":false}